location_id,municipality,ward,rainfall_24h_mm,rainfall_7d_mm,bagmati_level_m,lalbakaiya_level_m,elevation_m,slope_deg,dist_to_river_km,population,vulnerability_index,flood_risk_score,flood_label
LOC_GAUR_01,Gaur,1,240,620,6.8,5.4,64.2,0.4,0.45,8500,0.88,98.5,1
LOC_GAUR_02,Gaur,2,240,620,6.8,5.4,65.0,0.5,0.8,9200,0.84,95.0,1
LOC_GAUR_03,Gaur,3,240,620,6.8,5.4,65.2,0.6,0.6,11400,0.9,96.2,1
LOC_GAUR_04,Gaur,4,240,620,6.8,5.4,63.8,0.3,0.3,7800,0.92,99.4,1
LOC_TIKULIYA_01,Ishnath,2,240,620,6.8,5.4,67.2,0.5,0.2,5600,0.86,92.0,1
LOC_DURGA_01,Durga Bhagawati,1,240,620,6.8,5.4,66.0,0.4,0.5,6100,0.85,94.1,1
LOC_GARUDA_01,Garuda,1,190,510,5.2,4.1,78.0,0.8,2.4,14200,0.62,54.0,0
LOC_RAJDEV_01,Rajdevi,3,240,620,6.8,5.4,65.5,0.4,0.7,7900,0.87,93.5,1
LOC_CHANDRA_01,Chandrapur,1,140,380,4.2,3.2,126.0,2.4,8.5,28000,0.25,12.0,0
